{
    "value0": {
        "T_imu_cam": [
            {
                "px": -0.017039290503351097,
                "py": -0.06706168390338527,
                "pz": 0.0049019706317051489,
                "qx": -0.007182829957967857,
                "qy": 0.0081361356303307,
                "qz": 0.7018571604811381,
                "qw": 0.7122350289982612
            },
            {
                "px": -0.01534877273654784,
                "py": 0.04306011356865811,
                "pz": 0.002842453457161419,
                "qx": -0.002307128732174269,
                "qy": 0.013616387154390236,
                "qz": 0.7025398877295318,
                "qw": 0.7115103494024889
            }
        ],
        "intrinsics": [
            {
                "camera_type": "ds",
                "intrinsics": {
                    "fx": 349.7250628021528,
                    "fy": 348.69363211978529,
                    "cx": 365.8939974775096,
                    "cy": 249.32949769747843,
                    "xi": -0.24102508850997385,
                    "alpha": 0.5669697616037086
                }
            },
            {
                "camera_type": "ds",
                "intrinsics": {
                    "fx": 361.6710235520759,
                    "fy": 360.58521683235809,
                    "cx": 379.408403406532,
                    "cy": 255.97718655520939,
                    "xi": -0.21300924895214763,
                    "alpha": 0.576700197058647
                }
            }
        ],
        "resolution": [
            [
                752,
                480
            ],
            [
                752,
                480
            ]
        ],
        "calib_accel_bias": [
            0.004352224890941117,
            0.14390551822868195,
            0.07161975363908004,
            0.0,
            0.0,
            0.0,
            0.0,
            0.0,
            0.0
        ],
        "calib_gyro_bias": [
            -0.002162456153572295,
            0.024347744339835305,
            0.07671206417507257,
            0.0,
            0.0,
            0.0,
            0.0,
            0.0,
            0.0,
            0.0,
            0.0,
            0.0
        ],
        "imu_update_rate": 199.99999999999987,
        "accel_noise_std": [
            0.016,
            0.016,
            0.016
        ],
        "gyro_noise_std": [
            0.000282,
            0.000282,
            0.000282
        ],
        "accel_bias_std": [
            0.001,
            0.001,
            0.001
        ],
        "gyro_bias_std": [
            0.0001,
            0.0001,
            0.0001
        ],
        "cam_time_offset_ns": 0,
        "vignette": []
    }
}