{
    "value0": {
        "cam.T_i_c": [
            {
                "px": 0.0,
                "py": 0.0,
                "pz": 0.0,
                "qx": 0.0,
                "qy": 0.0,
                "qz": 0.0,
                "qw": 1.0
            },
            {
                "px": 0.11002674958788142,
                "py": -0.00028913779866582664,
                "pz": 0.0002466250499197906,
                "qx": 0.007123658988065948,
                "qy": 0.0006289220700000943,
                "qz": 0.0010774952115908379,
                "qw": 0.9999738481299002
            }
        ],
        "cam.intrinsics": [
            {
                "cam_type": "ds",
                "fx": 351.0372832168712,
                "fy": 350.00745559773977,
                "cx": 365.88809735482138,
                "cy": 249.34573836993605,
                "p1": -0.2385312817269895,
                "p2": 0.5678694845290963,
                "p3": 0.0,
                "p4": 0.0,
                "width": 752,
                "height": 480
            },
            {
                "cam_type": "ds",
                "fx": 362.9532887030627,
                "fy": 361.8568553744106,
                "cx": 379.35501913798887,
                "cy": 256.03924167771847,
                "p1": -0.21063783723055516,
                "p2": 0.5776109411992816,
                "p3": 0.0,
                "p4": 0.0,
                "width": 752,
                "height": 480
            }
        ]
    }
}